Kara,McCorry,1851072266,kmccorry0@hibu.com
Rachel,Yeulet,6939440398,ryeulet1@elegantthemes.com
Silva,Shankle,1718200899,sshankle2@bbb.org
Sauveur,Merrigan,6478233837,smerrigan3@engadget.com
Serene,Russon,6661415309,srusson4@nba.com
Candie,Jeavons,8339895008,cjeavons5@51.la
Bambi,De Cristofalo,8169889244,bdecristofalo6@microsoft.com
Stoddard,Gitsham,2432797571,sgitsham7@squarespace.com
Giff,Braiden,1495732125,gbraiden8@economist.com
Ansel,Howsden,8743673524,ahowsden9@answers.com
Rosalind,Kincla,6903631858,rkinclaa@1und1.de
Jennette,Keyser,2317106241,jkeyserb@privacy.gov.au
Hesther,Sauvan,5967054180,hsauvanc@g.co
Hayward,Woodfin,6379234833,hwoodfind@dailymail.co.uk
Haywood,Yoseloff,4483782475,hyoseloffe@wikipedia.org
Jaclin,Beardmore,2047416808,jbeardmoref@sbwire.com
Bibbye,Argo,2754641848,bargog@hubpages.com
Agace,Whether,3004621891,awhetherh@clickbank.net
Malorie,Mattessen,5055104715,mmattesseni@netlog.com
Stefan,Jodrelle,5872278772,sjodrellej@cargocollective.com
Culley,Sutty,7275073125,csuttyk@usatoday.com
Egon,Crofts,9835661547,ecroftsl@1688.com
Smitty,MacTrustam,7027871114,smactrustamm@odnoklassniki.ru
Russell,Howland,1766274431,rhowlandn@nature.com
Bradley,Bagge,3448318943,bbaggeo@pagesperso-orange.fr
Demeter,Shewsmith,9315739081,dshewsmithp@meetup.com
Valentine,Wimms,7718568829,vwimmsq@redcross.org
Veda,Hanes,7739458201,vhanesr@redcross.org
Beryle,Beeckx,1879704912,bbeeckxs@wunderground.com
Orelle,Peile,3835006358,opeilet@wikispaces.com
Marysa,Squibe,5518733168,msquibeu@storify.com
Helena,Presslie,8072206306,hpressliev@fastcompany.com
Stephie,Viollet,5947062358,sviolletw@cam.ac.uk
Gwenora,Balma,3741972181,gbalmax@nsw.gov.au
Gussi,Piff,5795758204,gpiffy@europa.eu
Herve,Tribe,1893243912,htribez@sfgate.com
Fidelia,Butterworth,9688215384,fbutterworth10@prweb.com
Samaria,Storry,9067080816,sstorry11@bloomberg.com
Orsa,Gawthorp,9976764258,ogawthorp12@cargocollective.com
Melinde,Menear,7516005195,mmenear13@issuu.com
Shane,Pettiward,6662093285,spettiward14@mapy.cz
Davidson,Strutley,8141317558,dstrutley15@theglobeandmail.com
Lottie,Bassford,5494888460,lbassford16@ed.gov
Kacy,Daingerfield,8333642181,kdaingerfield17@seattletimes.com
Donnie,Nilles,6182778772,dnilles18@istockphoto.com
Stanislaus,Fermer,4058689571,sfermer19@go.com
Guillema,Tousey,9661986796,gtousey1a@alexa.com
Dorotea,Lepard,6379000233,dlepard1b@guardian.co.uk
Marlo,Patridge,6182933853,mpatridge1c@github.com
Audie,Weddeburn,7837797103,aweddeburn1d@g.co
Katya,Hookes,8099010737,khookes1e@theguardian.com
Ogden,Dawes,2717901340,odawes1f@rambler.ru
Edee,Symcox,9344422850,esymcox1g@amazon.de
Garfield,Fogg,8437945310,gfogg1h@photobucket.com
Caty,Ewen,2989827377,cewen1i@irs.gov
Ruby,Grigoliis,4835441150,rgrigoliis1j@vinaora.com
Ive,Pietzner,9764128882,ipietzner1k@comsenz.com
Jeffry,Bulgen,9029837564,jbulgen1l@craigslist.org
Jillene,Dechelle,9912066691,jdechelle1m@ucoz.com
Otes,Rannie,5161717553,orannie1n@nymag.com
Hew,Kingham,8613022565,hkingham1o@cbslocal.com
Chester,Peiro,9153297054,cpeiro1p@sakura.ne.jp
Corinna,Noriega,7277382076,cnoriega1q@yahoo.com
Georgine,Firpi,9983948651,gfirpi1r@imageshack.us
Mahala,Learie,6438831190,mlearie1s@dmoz.org
Goddart,Fullager,4919550553,gfullager1t@vk.com
Ogden,Mably,6719583245,omably1u@google.de
Edgard,De Marchi,3086759258,edemarchi1v@gnu.org
Lauraine,Faustin,4641454004,lfaustin1w@youtube.com
Smith,Onion,8784675361,sonion1x@skype.com
Enos,Kryzhov,4591200543,ekryzhov1y@economist.com
Filippo,Thursby,4403449554,fthursby1z@behance.net
Lyndsay,Blues,1317237191,lblues20@nasa.gov
Levey,Toms,6213667300,ltoms21@nhs.uk
Winifield,Cejka,3458992789,wcejka22@123-reg.co.uk
Peadar,Willingham,7064594282,pwillingham23@vimeo.com
Ollie,Whebell,6837423813,owhebell24@aboutads.info
Rosene,Miskin,5784379575,rmiskin25@ustream.tv
Kinna,Jeanet,5282337028,kjeanet26@hao123.com
Sybila,Rosin,9765177770,srosin27@jigsy.com
Millie,Badland,2861060843,mbadland28@usnews.com
Romain,Deveril,4321050483,rdeveril29@mapy.cz
Karel,Dummer,2219013956,kdummer2a@mapy.cz
Kassey,MacCafferky,4247998706,kmaccafferky2b@nps.gov
Reynold,Hedger,1839363511,rhedger2c@jiathis.com
Claudianus,Tregidga,4248949301,ctregidga2d@eventbrite.com
Barby,Espada,8855986070,bespada2e@cisco.com
Vic,Pietesch,3223368963,vpietesch2f@tamu.edu
Annaliese,Droogan,9947505864,adroogan2g@addthis.com
Harold,Gramer,8037510713,hgramer2h@google.cn
Bucky,Whether,3443833455,bwhether2i@google.com.au
Emmalynne,Postans,4235227572,epostans2j@wp.com
Maxie,Dagg,8563296545,mdagg2k@hostgator.com
Bealle,Cawley,2679119931,bcawley2l@pbs.org
Clary,Deneve,1468538743,cdeneve2m@usatoday.com
Galven,Wisham,3818835934,gwisham2n@feedburner.com
Julee,Grimley,1659903431,jgrimley2o@phoca.cz
Lenka,Quig,6147315838,lquig2p@wordpress.com
Sayer,Dryburgh,8431402073,sdryburgh2q@theglobeandmail.com
Elonore,Chaudrelle,7296644045,echaudrelle2r@newsvine.com
Aggi,Piesing,3855125971,apiesing2s@exblog.jp
Mathias,Cecere,2781833852,mcecere2t@huffingtonpost.com
Gabriello,Blakesley,6116596133,gblakesley2u@123-reg.co.uk
Engelbert,Pawle,6333650870,epawle2v@tamu.edu
Blane,Rhead,2318645095,brhead2w@xinhuanet.com
Nanon,Allan,4336484672,nallan2x@reuters.com
Vittoria,Cliss,3198141438,vcliss2y@moonfruit.com
Mata,Harker,3113050283,mharker2z@sourceforge.net
Ariadne,Cushelly,4415203169,acushelly30@cmu.edu
Emogene,Gosford,9272792176,egosford31@usa.gov
Phoebe,Cotelard,2757959157,pcotelard32@nhs.uk
Gerrard,Gresser,8825258992,ggresser33@mayoclinic.com
Allys,Lavies,5003404988,alavies34@zimbio.com
Else,Smullin,2789952718,esmullin35@bandcamp.com
Cly,Glencross,9573670450,cglencross36@artisteer.com
Raoul,Iley,6811486519,riley37@hexun.com
Boonie,Winslet,3544775874,bwinslet38@harvard.edu
Aylmer,Greasley,4207566169,agreasley39@clickbank.net
Ashlin,Harrowell,9041401038,aharrowell3a@google.com
Clemmy,Dive,6872798088,cdive3b@addtoany.com
Yvon,Heckle,6015222886,yheckle3c@fastcompany.com
Hadley,Lynde,6769156560,hlynde3d@ihg.com
Selinda,Davidde,9674719116,sdavidde3e@boston.com
Fianna,Iacabucci,9213502957,fiacabucci3f@wsj.com
Dyanne,Calwell,3118381061,dcalwell3g@nps.gov
Millie,Melhuish,3957843179,mmelhuish3h@mlb.com
Harriott,Nuccii,2216249878,hnuccii3i@shareasale.com
Sile,Doggerell,6171322090,sdoggerell3j@themeforest.net
Holly,Seekings,7384551711,hseekings3k@icq.com
Eolande,Butchart,9512351195,ebutchart3l@qq.com
Eddie,Philbin,6454422034,ephilbin3m@yelp.com
Lonni,Feaveer,6006838887,lfeaveer3n@cnbc.com
Edeline,Koppe,1103582801,ekoppe3o@umich.edu
Nikolas,Whitehall,5634010033,nwhitehall3p@yahoo.co.jp
Taber,Matisse,2059092929,tmatisse3q@mediafire.com
Martguerita,Bronot,8323042877,mbronot3r@tmall.com
Abby,Rozsa,1178762113,arozsa3s@amazon.com
Christian,Patriche,9286713746,cpatriche3t@4shared.com
Tessi,Tersay,4795658822,ttersay3u@plala.or.jp
Coraline,Penhallurick,8722039082,cpenhallurick3v@deliciousdays.com
Cammie,Colbert,6055855282,ccolbert3w@gnu.org
Ardyce,Geffen,1037628141,ageffen3x@nytimes.com
Dukie,Brouard,4624205407,dbrouard3y@wikimedia.org
Calla,Wiskar,6323816135,cwiskar3z@princeton.edu
Joye,Tugman,6853663790,jtugman40@youtube.com
Leena,Morforth,7863342637,lmorforth41@arizona.edu
Corie,Tweedy,7006953829,ctweedy42@unc.edu
Kelci,Stollenwerck,4454419022,kstollenwerck43@nba.com
Querida,Walshe,7722657063,qwalshe44@furl.net
Judi,Gounot,8327481121,jgounot45@patch.com
Leopold,Chappell,9471266485,lchappell46@ftc.gov
Tim,Boness,4206584097,tboness47@aboutads.info
Maury,Saltman,7445257927,msaltman48@cloudflare.com
Wynnie,Henrichs,4056849475,whenrichs49@1und1.de
Giana,Neave,3668671379,gneave4a@scribd.com
Sherwynd,Dealy,3704099940,sdealy4b@army.mil
Kippar,Tatnell,5863836116,ktatnell4c@amazon.de
Tandie,Howgill,9044038585,thowgill4d@meetup.com
Reggie,Jackling,2402723402,rjackling4e@abc.net.au
Othella,O'Kennavain,1704331952,ookennavain4f@fc2.com
Jennine,Pimlott,4864100947,jpimlott4g@theglobeandmail.com
Berty,Gillbard,7515505997,bgillbard4h@google.cn
Lucine,Ledrun,7277632841,lledrun4i@etsy.com
Lanni,Behne,4213713657,lbehne4j@qq.com
Dallis,Gallehock,6595011754,dgallehock4k@soup.io
Becka,Simoes,9807249327,bsimoes4l@google.it
Birgit,Dupoy,5152364841,bdupoy4m@elpais.com
Gil,Stanlike,5421990850,gstanlike4n@bloomberg.com
Cosmo,Lewsy,8162050493,clewsy4o@blinklist.com
Worthington,Neat,7281086087,wneat4p@hatena.ne.jp
Windham,Francesco,9688681311,wfrancesco4q@lycos.com
Atalanta,Jordanson,9085884635,ajordanson4r@diigo.com
Clemmie,Biddlestone,6285072727,cbiddlestone4s@ow.ly
Enrichetta,Mohan,6876209957,emohan4t@msu.edu
Feodor,Aynsley,7954145783,faynsley4u@nymag.com
Dietrich,Casino,8887668024,dcasino4v@zimbio.com
Kirbee,Waine,3735176163,kwaine4w@delicious.com
Dorthy,Karel,3133001452,dkarel4x@netscape.com
Marleah,Parkhouse,8839635906,mparkhouse4y@va.gov
Arri,Rosenbloom,8299316525,arosenbloom4z@bloglines.com
Jennilee,Pashenkov,9904926621,jpashenkov50@usnews.com
Kailey,Escala,6229565110,kescala51@va.gov
Kaspar,Veighey,3743693128,kveighey52@umn.edu
Abigale,Kinnaird,4024940697,akinnaird53@csmonitor.com
Euphemia,Bereford,2469809874,ebereford54@bbb.org
Trista,Matuszewski,8177557018,tmatuszewski55@ucoz.ru
Berky,Deeming,3429179603,bdeeming56@cornell.edu
Oralia,Stoffel,9026452899,ostoffel57@microsoft.com
Petronia,Klimas,5181974454,pklimas58@rambler.ru
Roger,Sline,9781821749,rsline59@sbwire.com
Manon,Leathart,6257074966,mleathart5a@microsoft.com
Verney,Gelling,2278233090,vgelling5b@trellian.com
Aharon,Thor,1281238718,athor5c@multiply.com
Salmon,Brookwell,8775552711,sbrookwell5d@so-net.ne.jp
Jamima,Pieter,7576802522,jpieter5e@cloudflare.com
Basilius,Spaxman,4966690280,bspaxman5f@sbwire.com
Cory,Chaudron,9056895933,cchaudron5g@csmonitor.com
Austin,Sikorski,4501473840,asikorski5h@buzzfeed.com
Norrie,Bygrove,7876236701,nbygrove5i@mtv.com
Kalli,Morley,3509500043,kmorley5j@sakura.ne.jp
Gwenni,Godbold,9425001042,ggodbold5k@wix.com
Charlie,Jurries,3406338652,cjurries5l@sitemeter.com
Henrieta,Munson,6996590137,hmunson5m@usa.gov
Vanni,Fuster,6427377702,vfuster5n@wired.com
Marthena,Whodcoat,3227142987,mwhodcoat5o@photobucket.com
Tera,Genders,3551968035,tgenders5p@cbslocal.com
Lyssa,Bewsy,6539321943,lbewsy5q@usa.gov
Roxi,Castletine,7134426826,rcastletine5r@omniture.com
Alric,Lindeberg,1996236046,alindeberg5s@reverbnation.com
Caryn,Westmancoat,2411008270,cwestmancoat5t@sogou.com
Quintin,Elgar,5773204467,qelgar5u@state.gov
Antonino,Fidelli,7868262277,afidelli5v@house.gov
Sanford,Meynell,2892175576,smeynell5w@comsenz.com
Rudd,Lissett,8763661519,rlissett5x@blogtalkradio.com
Beulah,Championnet,2834388351,bchampionnet5y@umich.edu
Lenora,Emery,4212564061,lemery5z@plala.or.jp
Siana,Gorman,9148139745,sgorman60@phpbb.com
Paten,Hallaways,6887307936,phallaways61@deliciousdays.com
Alanna,Ciepluch,9179428998,aciepluch62@wufoo.com
Raimundo,Hunston,9954016104,rhunston63@china.com.cn
Malva,Bennett,9881374094,mbennett64@weebly.com
Merrili,Parrott,6154867297,mparrott65@mail.ru
Samuele,Rennles,7545328973,srennles66@amazon.co.uk
Humbert,Gorke,4687762007,hgorke67@istockphoto.com
Paulie,Lambis,3641011543,plambis68@com.com
Brok,Butters,1025850579,bbutters69@quantcast.com
Cherianne,Strase,1035811348,cstrase6a@people.com.cn
Shurlock,Christoforou,5887755047,schristoforou6b@mit.edu
Carl,Rosso,6588964165,crosso6c@360.cn
Gerianna,Ozelton,4558657836,gozelton6d@purevolume.com
Salaidh,Yarrington,3576248180,syarrington6e@npr.org
Godfrey,Brandassi,3385101881,gbrandassi6f@wikipedia.org
Phillipe,Human,9183919325,phuman6g@linkedin.com
Marco,Kerne,5794533643,mkerne6h@nytimes.com
Shena,O'Concannon,7433766784,soconcannon6i@google.ca
Woodman,Moreton,6288179969,wmoreton6j@facebook.com
Jojo,Bewicke,4051287394,jbewicke6k@unblog.fr
Cicely,Sagg,4916177331,csagg6l@live.com
Annalise,Skerman,5622676780,askerman6m@unblog.fr
Ailina,Birmingham,8094113072,abirmingham6n@howstuffworks.com
Ramsay,Boner,2671572317,rboner6o@qq.com
Archibold,Jubb,5927328356,ajubb6p@angelfire.com
Kearney,Das,5271834951,kdas6q@princeton.edu
Gerek,Snailham,3715205485,gsnailham6r@hexun.com
Isadore,Prendiville,9302236248,iprendiville6s@answers.com
Derek,Tillyer,1919299354,dtillyer6t@shinystat.com
Lyndell,Brennon,3667841196,lbrennon6u@twitpic.com
Laney,De Gowe,9718166542,ldegowe6v@house.gov
Madeline,McCreary,2041651768,mmccreary6w@springer.com
Leonardo,Andrysiak,3347030399,landrysiak6x@mit.edu
Barby,Evert,1956925827,bevert6y@topsy.com
Lela,Forrington,8706769220,lforrington6z@ifeng.com
Donia,Keer,5357833795,dkeer70@creativecommons.org
Lynelle,Leahair,8611526129,lleahair71@about.me
Allyn,Capp,8507790434,acapp72@npr.org
Dickie,Cornewall,8172081968,dcornewall73@npr.org
Franny,Gentsch,8471950533,fgentsch74@hostgator.com
Tedd,Caulier,9918393589,tcaulier75@ihg.com
Bendite,Slayford,4677020247,bslayford76@google.it
Leona,Weblin,5702248543,lweblin77@noaa.gov
Jeramie,Fries,9523517065,jfries78@house.gov
Armstrong,Acklands,2405933165,aacklands79@purevolume.com
Chantal,Rey,5674830400,crey7a@51.la
Cathi,Anstice,5906680667,canstice7b@hc360.com
Sander,Du Hamel,8174944983,sduhamel7c@vkontakte.ru
Olin,Kitcatt,2839844524,okitcatt7d@cpanel.net
Anne,Whannel,9385714170,awhannel7e@archive.org
Woodrow,Hounihan,8521890976,whounihan7f@nsw.gov.au
Broderick,Lawrenceson,8941605336,blawrenceson7g@ustream.tv
Herby,Reicharz,6432280905,hreicharz7h@blogs.com
Magnum,Meller,6611171759,mmeller7i@springer.com
Beverly,Hunton,3252646412,bhunton7j@360.cn
Candida,Ancliffe,2501272484,cancliffe7k@alexa.com
Ive,Sandifer,4366728416,isandifer7l@mac.com
Arabelle,Jell,3432153543,ajell7m@guardian.co.uk
Orson,Lynes,9526421881,olynes7n@huffingtonpost.com
Brandi,Henri,2745742535,bhenri7o@fastcompany.com
Basia,Train,1038948529,btrain7p@tripadvisor.com
Catherin,Meeus,5102177150,cmeeus7q@deliciousdays.com
Darya,Toor,4505148547,dtoor7r@meetup.com
Janessa,Meadowcraft,7334314777,jmeadowcraft7s@youku.com
Morley,Kleinplatz,1579472838,mkleinplatz7t@netlog.com
Bliss,Verson,8584828358,bverson7u@blogspot.com
Gracie,Alabaster,4108233219,galabaster7v@alibaba.com
Bartolemo,Jacop,6751034241,bjacop7w@wiley.com
Moselle,Mileham,2943468325,mmileham7x@bbc.co.uk
Lisetta,Crowley,6949926774,lcrowley7y@newyorker.com
Baron,Fripp,1726801026,bfripp7z@google.co.uk
Lilllie,De Witt,5035658339,ldewitt80@nifty.com
Ede,McUre,1894792181,emcure81@reference.com
Jo,Rigney,7033046459,jrigney82@bizjournals.com
Manda,Wortman,5673381402,mwortman83@mlb.com
Eula,Abbys,1852606432,eabbys84@merriam-webster.com
Roanne,Swale,3096149761,rswale85@bloglovin.com
Fields,Abram,7914092931,fabram86@dion.ne.jp
Chen,Abisetti,5952397798,cabisetti87@economist.com
Sonnnie,Mc Gorley,9949504875,smcgorley88@jalbum.net
Henderson,Lockney,4583461703,hlockney89@geocities.jp
Elwood,Meese,3458198373,emeese8a@usnews.com
Aymer,Metherell,9478667850,ametherell8b@tuttocitta.it
Sari,Duckham,4879327048,sduckham8c@ftc.gov
Simonette,Muck,2697808574,smuck8d@surveymonkey.com
Keelby,Merkle,9151625420,kmerkle8e@lycos.com
Vivi,Choudhury,5409622003,vchoudhury8f@pinterest.com
Dimitri,Dallicott,4469281434,ddallicott8g@chron.com
Agretha,Harbor,3018556962,aharbor8h@rambler.ru
Gun,Moxham,1415842148,gmoxham8i@ocn.ne.jp
Bert,Spencley,6268187710,bspencley8j@vimeo.com
Montgomery,McBean,7772996061,mmcbean8k@360.cn
Aila,Corrao,5433929583,acorrao8l@thetimes.co.uk
Ransom,Maingot,8707187992,rmaingot8m@npr.org
Moise,Magill,2369461342,mmagill8n@fda.gov
Elijah,Jewiss,5038802790,ejewiss8o@digg.com
Cherri,Sinderland,1519274735,csinderland8p@etsy.com
Roxy,Mellhuish,8787462191,rmellhuish8q@scientificamerican.com
Rica,Snary,8168020711,rsnary8r@bizjournals.com
Theo,Sekulla,8502063825,tsekulla8s@nba.com
Nelia,Widdop,5386065433,nwiddop8t@livejournal.com
Gualterio,Sherrott,6758304221,gsherrott8u@infoseek.co.jp
Ayn,Crone,2095752095,acrone8v@hatena.ne.jp
Hercule,Sabberton,7672987539,hsabberton8w@skyrock.com
Carmella,Sterre,4069745372,csterre8x@mozilla.org
Christan,Sherburn,8757153552,csherburn8y@icio.us
Celestine,Yakobowitch,7756858191,cyakobowitch8z@fastcompany.com
Raff,Euplate,4312183334,reuplate90@desdev.cn
Jerrine,Aykroyd,2072730890,jaykroyd91@mapquest.com
Tommy,Mosdell,5441018038,tmosdell92@tumblr.com
Birch,Heffernan,8744540037,bheffernan93@deliciousdays.com
Vivia,Mendel,2137278776,vmendel94@lycos.com
Farr,Ledur,9037819196,fledur95@msu.edu
Star,Bodemeaid,7734311780,sbodemeaid96@ox.ac.uk
Dave,Bodicum,5132896235,dbodicum97@scientificamerican.com
Pen,Eicke,8827289276,peicke98@columbia.edu
Abbot,Longfoot,8941654950,alongfoot99@angelfire.com
Yetta,Moscrop,8298506934,ymoscrop9a@blog.com
Weber,Feighney,2076006743,wfeighney9b@nps.gov
Adelle,Muro,9623593972,amuro9c@soundcloud.com
Buck,Edgson,6993954628,bedgson9d@prnewswire.com
Avery,Addyman,6558688966,aaddyman9e@vkontakte.ru
Fina,Petrushkevich,1546395759,fpetrushkevich9f@ow.ly
Onfroi,Desbrow,7629560857,odesbrow9g@tinypic.com
Felike,Cavan,3725329527,fcavan9h@reuters.com
Timmy,Gullan,7987700781,tgullan9i@google.com
Lana,Northfield,6239251469,lnorthfield9j@aboutads.info
Nolie,Fri,8441462116,nfri9k@so-net.ne.jp
Merell,Spores,5302738452,mspores9l@independent.co.uk
Boycie,de Guerre,3902512119,bdeguerre9m@weebly.com
Melita,Aleswell,1226491142,maleswell9n@discovery.com
Graham,Darling,2685038892,gdarling9o@etsy.com
Gran,Dawney,2259254506,gdawney9p@ehow.com
Elena,Chafer,4749615303,echafer9q@naver.com
Ainslee,Selvester,6928537022,aselvester9r@bravesites.com
Sky,Cargenven,6232635429,scargenven9s@apache.org
Linette,Islip,3912191105,lislip9t@squidoo.com
Bartholomew,Doick,9374434073,bdoick9u@shareasale.com
Sidonia,Choak,7707923940,schoak9v@desdev.cn
Alaric,Carlino,1609793089,acarlino9w@about.com
Peyter,Mingame,1702767789,pmingame9x@live.com
Jordan,Jakeway,7208153796,jjakeway9y@reddit.com
Margarette,Conman,6988256523,mconman9z@statcounter.com
Earle,Longcaster,6135304522,elongcastera0@vimeo.com
Jarvis,Fridlington,8079609144,jfridlingtona1@diigo.com
Giustino,Goble,2536991931,ggoblea2@360.cn
Greg,Jorgesen,2823815950,gjorgesena3@sun.com
Rhea,Calrow,6135547367,rcalrowa4@hugedomains.com
Cobbie,Edinburgh,9569019709,cedinburgha5@livejournal.com
Paule,Quantrell,5567207581,pquantrella6@tinyurl.com
Burk,Puddin,3351737115,bpuddina7@bloglovin.com
Berget,Dilnot,6098864056,bdilnota8@google.ca
Ondrea,Crickett,9074852039,ocricketta9@hostgator.com
Berni,Troutbeck,6285991625,btroutbeckaa@unesco.org
Adan,Wadlow,8835623372,awadlowab@meetup.com
Nonah,McIlmurray,1928870601,nmcilmurrayac@yandex.ru
Hodge,Veillard,1299644031,hveillardad@php.net
Elva,Rivallant,4548046809,erivallantae@globo.com
Barclay,Queste,3998810638,bquesteaf@soundcloud.com
Leora,Hake,5406038162,lhakeag@shutterfly.com
Ron,Deeble,6093123984,rdeebleah@eepurl.com
Danielle,Tolworthy,7543602497,dtolworthyai@mozilla.org
Layton,Noteyoung,3239198481,lnoteyoungaj@cbslocal.com
Shawnee,Alfonsetti,4299033089,salfonsettiak@cnn.com
Robina,Funnell,7126110491,rfunnellal@fda.gov
Ringo,McGeneay,5681487572,rmcgeneayam@slideshare.net
Dorotea,McCay,8329654590,dmccayan@noaa.gov
Bamby,Kinzel,5453421241,bkinzelao@forbes.com
Bartholemy,Clewarth,2731485035,bclewarthap@twitter.com
Orville,Gorring,7801985552,ogorringaq@bluehost.com
Fredrika,Goodread,9437204662,fgoodreadar@mozilla.com
Euell,Andrioli,9227908561,eandriolias@bandcamp.com
Marcel,Lomis,9044310516,mlomisat@odnoklassniki.ru
Charlena,Fibbings,2367288581,cfibbingsau@seesaa.net
Jenifer,Ielden,3807681187,jieldenav@clickbank.net
Pryce,Hunte,7189799051,phunteaw@google.com.br
Carmella,Tomek,3455823050,ctomekax@nydailynews.com
Darnall,Kimmitt,3071450392,dkimmittay@simplemachines.org
Lenora,Kenwell,4658747195,lkenwellaz@omniture.com
Maureene,Twigley,4555494249,mtwigleyb0@squidoo.com
Penelope,Schinetti,8687324296,pschinettib1@mapquest.com
Miranda,Ashworth,1787762569,mashworthb2@shutterfly.com
Lem,Veysey,2826859126,lveyseyb3@abc.net.au
Sorcha,Sawter,8689677997,ssawterb4@hc360.com
Shem,Chesterton,3562963307,schestertonb5@webnode.com
Benjamen,Robinet,3541959262,brobinetb6@latimes.com
Tull,Houtbie,4705238385,thoutbieb7@godaddy.com
Ruggiero,Ivanusyev,6768339851,rivanusyevb8@elpais.com
Harcourt,Mill,8079751019,hmillb9@list-manage.com
Hewe,Sammut,9455800416,hsammutba@indiatimes.com
Selena,Panketh,9144445387,spankethbb@gizmodo.com
Efren,Hinz,2442194583,ehinzbc@paginegialle.it
Layla,Pennells,5982415984,lpennellsbd@zdnet.com
Sarah,Round,1164280793,sroundbe@oaic.gov.au
Gaynor,Handasyde,9755324310,ghandasydebf@ucoz.com
Heath,Malley,5199682236,hmalleybg@bing.com
Candi,Rathe,9508159540,crathebh@washington.edu
Denna,Walduck,8933819858,dwalduckbi@usda.gov
Shandy,Abramsky,3304606919,sabramskybj@mapquest.com
Antonin,Ismead,1247204611,aismeadbk@ucsd.edu
Cly,Evemy,2738079928,cevemybl@theatlantic.com
Clerkclaude,Glencross,8344954531,cglencrossbm@npr.org
Gwenora,Coatham,8673771994,gcoathambn@theguardian.com
Nathalie,Mealiffe,1028824290,nmealiffebo@vinaora.com
Juan,Furnell,8823622906,jfurnellbp@indiegogo.com
Margy,Sobieski,2143969322,msobieskibq@cam.ac.uk
Fey,Azemar,5429029688,fazemarbr@answers.com
Alisha,Arthy,6078033935,aarthybs@census.gov
Crin,Hender,1628373809,chenderbt@rediff.com
Franklyn,Sehorsch,5307287031,fsehorschbu@google.com.br
Devora,Shannahan,4666291348,dshannahanbv@arizona.edu
Lenee,Zanni,3435048610,lzannibw@cnbc.com
Rem,Kenealy,2059790656,rkenealybx@ibm.com
Ryan,Dougan,4922631933,rdouganby@fc2.com
Nealon,Buzin,4703269502,nbuzinbz@usatoday.com
Pepi,Theaker,4504235744,ptheakerc0@cnn.com
Wesley,Blune,5816053236,wblunec1@nbcnews.com
Mame,Hadye,6594322105,mhadyec2@theguardian.com
Wendie,Sergeaunt,7132155006,wsergeauntc3@sphinn.com
Davidson,Apps,5204677319,dappsc4@merriam-webster.com
Brendin,Starsmore,8142893880,bstarsmorec5@chicagotribune.com
Alis,Gierth,1958401845,agierthc6@miibeian.gov.cn
Reynold,Gouny,8984172809,rgounyc7@blogspot.com
Madelene,Fulloway,2797768944,mfullowayc8@t-online.de
Davina,Williment,1633908582,dwillimentc9@g.co
Armand,Gildea,8309421012,agildeaca@ihg.com
Joel,Carrabot,9672428054,jcarrabotcb@seesaa.net
Atlanta,Novis,9281483567,anoviscc@hao123.com
Abbe,Abbay,4153393084,aabbaycd@ifeng.com
Shel,Klimowicz,9175486697,sklimowiczce@51.la
Olivie,Avramov,3891364231,oavramovcf@rediff.com
Taryn,Bedo,5737775701,tbedocg@yale.edu
Emlyn,Stendall,7477140192,estendallch@elpais.com
Danila,Broker,3735730631,dbrokerci@abc.net.au
Derry,Caley,2942540104,dcaleycj@sogou.com
Darda,Lodder,5586876289,dlodderck@acquirethisname.com
Paton,Laughlin,1727627806,plaughlincl@xing.com
Idelle,Perryn,9151577059,iperryncm@un.org
Purcell,Sambiedge,7657393887,psambiedgecn@yellowpages.com
Renaud,Rowlson,2096231871,rrowlsonco@ezinearticles.com
Sela,Musicka,1424234906,smusickacp@blinklist.com
Hetty,McClure,4736402078,hmcclurecq@narod.ru
Kermie,Oattes,1483172587,koattescr@webeden.co.uk
Darryl,Plaister,6671678008,dplaistercs@barnesandnoble.com
Jaynell,Beri,4317528202,jberict@php.net
Sumner,Capnor,1736916610,scapnorcu@feedburner.com
Kevan,Stearley,1683477670,kstearleycv@stumbleupon.com
Abe,Nucciotti,7546755720,anucciotticw@google.ca
Nevil,McCreery,5566257345,nmccreerycx@youtu.be
Wallis,Uccello,6226678589,wuccellocy@discovery.com
Christabella,Dickey,4921265056,cdickeycz@wufoo.com
Fabiano,Pierrepont,7256946526,fpierrepontd0@fda.gov
Courtnay,Dibling,7612181614,cdiblingd1@google.co.uk
Tracie,Pittham,2563860026,tpitthamd2@harvard.edu
Stephanie,Josephoff,1524604292,sjosephoffd3@google.nl
Ronnie,Wolfer,9287464906,rwolferd4@fotki.com
Jocelyn,Curness,3506958478,jcurnessd5@tamu.edu
Waylin,Marqyes,8431125822,wmarqyesd6@adobe.com
Sigrid,Bompas,4259270984,sbompasd7@nifty.com
Olly,Cuseick,3726023858,ocuseickd8@virginia.edu
Elwood,Nary,5414333390,enaryd9@salon.com
Minne,Greneham,2131136814,mgrenehamda@blogtalkradio.com
Yorker,McAleese,7547490601,ymcaleesedb@army.mil
Jeniffer,Grishmanov,4359357889,jgrishmanovdc@imdb.com
Nathan,Botright,5973909598,nbotrightdd@stumbleupon.com
Edsel,Quaif,7415123424,equaifde@trellian.com
Juanita,Somerton,8473041486,jsomertondf@meetup.com
Rafaelia,Corrett,3749615500,rcorrettdg@hubpages.com
Corinne,Seth,8538653418,csethdh@oaic.gov.au
Manda,Avraam,2509257088,mavraamdi@linkedin.com
Shelley,Brick,4796436520,sbrickdj@smugmug.com
Al,Innocent,3277966931,ainnocentdk@g.co
Bail,Scholar,7148898031,bscholardl@surveymonkey.com
Harv,Towse,2371925600,htowsedm@goo.gl
Cthrine,Morland,1068685943,cmorlanddn@imageshack.us
Timofei,Suttaby,4117939899,tsuttabydo@sina.com.cn
Cody,Martelet,2316125162,cmarteletdp@newyorker.com
Myrilla,Murfett,9904532885,mmurfettdq@army.mil
Rianon,Trythall,4652373181,rtrythalldr@ebay.com
Carrol,Baudou,3394750806,cbaudouds@theglobeandmail.com
Mill,Simmon,7946563146,msimmondt@biglobe.ne.jp
Aymer,Fogg,4104779723,afoggdu@ucoz.ru
Mack,Joynt,1024290037,mjoyntdv@live.com
Maribelle,Gallihaulk,2614940324,mgallihaulkdw@fema.gov
Aurlie,McGenis,9433357046,amcgenisdx@nsw.gov.au
Jesse,Collinwood,2746753679,jcollinwooddy@usda.gov
Drucy,Kinane,9865095482,dkinanedz@ihg.com
Nelie,Bygate,9173780774,nbygatee0@cocolog-nifty.com
Keely,Hilling,4821607147,khillinge1@github.io
Otho,Hegges,6363396002,oheggese2@mayoclinic.com
Percy,Duddin,3957713622,pduddine3@yellowbook.com
Fey,Enterle,7506101109,fenterlee4@51.la
Danice,Djekic,5018047180,ddjekice5@ifeng.com
Lorine,Sandiford,9745807644,lsandiforde6@alexa.com
Nicol,Milch,7753447059,nmilche7@mtv.com
Maudie,Crookshank,6213386048,mcrookshanke8@slate.com
Maitilde,O'Lagene,6506791092,molagenee9@booking.com
Zachary,Tree,3026649017,ztreeea@chron.com
Jaime,Cotte,1458588218,jcotteeb@prlog.org
Shauna,Rudd,2471576413,sruddec@dailymail.co.uk
Hildegaard,Gregorowicz,8335721870,hgregorowiczed@sogou.com
Ag,Credland,2809906880,acredlandee@networksolutions.com
Erroll,Franzonello,2229377656,efranzonelloef@usa.gov
Ingeberg,Budgett,2531626089,ibudgetteg@moonfruit.com
Skipton,O'Boyle,7192959336,soboyleeh@nba.com
Newton,Crowd,9108631023,ncrowdei@mapy.cz
Gerrie,Gentry,2787117734,ggentryej@squarespace.com
Phip,Debell,8803386222,pdebellek@surveymonkey.com
Franni,Gunthorp,5542130801,fgunthorpel@blogtalkradio.com
Jerrome,Kehri,8878667471,jkehriem@jimdo.com
Elsbeth,Brager,1953119267,ebrageren@gravatar.com
Martino,Sweedy,7876823114,msweedyeo@twitter.com
Raphael,Crannage,1916309916,rcrannageep@nps.gov
Annabella,Ballantine,7133942195,aballantineeq@businessinsider.com
Dave,Mackieson,9179017515,dmackiesoner@privacy.gov.au
Lynne,Buttle,4139334090,lbuttlees@dagondesign.com
Marilyn,O'Cridigan,2197354173,mocridiganet@senate.gov
Aguistin,Virgin,3586861440,avirgineu@nba.com
Kerianne,McWilliams,2961706712,kmcwilliamsev@discovery.com
Brittney,Dickenson,1356882507,bdickensonew@weebly.com
Gavrielle,Ogglebie,2582397474,gogglebieex@jugem.jp
Shay,Leicester,4555866755,sleicesterey@dmoz.org
Sharleen,Menchenton,6266576746,smenchentonez@tripadvisor.com
Bertha,Bauer,4532946732,bbauerf0@buzzfeed.com
Kile,Stickells,5759660370,kstickellsf1@go.com
Olva,Sandcraft,2636208543,osandcraftf2@skyrock.com
Brandy,Pickover,6572819053,bpickoverf3@miibeian.gov.cn
Enoch,Torrese,5826754153,etorresef4@cbsnews.com
Monroe,Staley,7069064898,mstaleyf5@webs.com
Alexandros,Meynell,8548141207,ameynellf6@storify.com
Ermin,Cloute,9819485506,ecloutef7@weather.com
Arlina,Wrathall,7869223203,awrathallf8@princeton.edu
Eran,Rabbage,9211613607,erabbagef9@themeforest.net
Kathryn,Shoutt,8906131803,kshouttfa@over-blog.com
Albie,Dungey,5725845951,adungeyfb@nydailynews.com
Ambur,Lyall,7803737754,alyallfc@paginegialle.it
Lazarus,Halifax,5518533426,lhalifaxfd@wikispaces.com
Angelica,Milmith,3884148500,amilmithfe@prweb.com
Amandy,Morrilly,2299607974,amorrillyff@histats.com
Rosalia,Lasty,2708126940,rlastyfg@xing.com
Franciska,Constable,6335283481,fconstablefh@mtv.com
Ursa,Lawrence,4567652852,ulawrencefi@baidu.com
Mufi,Stoffels,8499427454,mstoffelsfj@wikispaces.com
Saree,Masters,5899329424,smastersfk@google.ru
Brandyn,Dalgarnocht,7261575138,bdalgarnochtfl@tinyurl.com
Lyn,Ronaldson,3324185828,lronaldsonfm@earthlink.net
Domingo,Gingold,7929340587,dgingoldfn@nationalgeographic.com
Harri,Ogborn,8194770696,hogbornfo@mysql.com
Susi,Edwardson,8983776472,sedwardsonfp@mit.edu
Melosa,MacNeilly,8169731137,mmacneillyfq@bbc.co.uk
Cati,Maharry,1351030687,cmaharryfr@sciencedirect.com
Frank,Alenshev,2062811968,falenshevfs@virginia.edu
Win,Klimpke,5919137736,wklimpkeft@indiatimes.com
Patton,Dightham,7822700223,pdighthamfu@uiuc.edu
Ker,Rossander,6303737049,krossanderfv@umn.edu
Chastity,Alcalde,4176035487,calcaldefw@de.vu
Alma,Martel,2638050573,amartelfx@europa.eu
Averell,Tummons,3651292786,atummonsfy@myspace.com
Cairistiona,Cremin,2959246210,ccreminfz@scientificamerican.com
Ferris,Chatelot,9212840549,fchatelotg0@mapquest.com
Fairleigh,Blankhorn,5453858806,fblankhorng1@spotify.com
Ediva,Lidgley,3433003657,elidgleyg2@mozilla.org
Paxon,Gransden,9364499391,pgransdeng3@netscape.com
Valerye,Waghorn,6497401919,vwaghorng4@xinhuanet.com
Fairlie,Ragate,3641392905,fragateg5@wikipedia.org
Catlin,Stutard,1026814819,cstutardg6@youku.com
Doyle,Jarlmann,8246736693,djarlmanng7@qq.com
Tiphanie,Sloley,8637561716,tsloleyg8@princeton.edu
Charlton,Newman,7788881737,cnewmang9@parallels.com
Richmound,Binnell,4555223238,rbinnellga@wunderground.com
Paco,Spence,3249231250,pspencegb@phoca.cz
Duane,Seath,2547623719,dseathgc@mapquest.com
Marjie,Powis,2273238519,mpowisgd@csmonitor.com
Shara,Cabel,9122815213,scabelge@live.com
Emmey,Pineaux,8534762493,epineauxgf@dailymotion.com
Vanya,Hamor,3089850011,vhamorgg@ox.ac.uk
Augusta,Chattaway,2089372205,achattawaygh@weather.com
Fax,Finnigan,7755528405,ffinnigangi@spiegel.de
Cammy,Maben,6095436478,cmabengj@php.net
Christi,Trott,4231846981,ctrottgk@canalblog.com
Ragnar,Winterson,8657927306,rwintersongl@a8.net
Judi,Fearnill,5459145923,jfearnillgm@scribd.com
Craggie,Janowicz,3927741044,cjanowiczgn@sbwire.com
Shelby,Abbett,3777292727,sabbettgo@cnbc.com
Veriee,Lonergan,6065556027,vlonergangp@nbcnews.com
Arney,Moggan,6027061438,amoggangq@discuz.net
Erin,Killough,7824979177,ekilloughgr@wikia.com
Nicolis,Wrack,1768306768,nwrackgs@webs.com
Leora,Laven,3406755555,llavengt@state.gov
Yancy,Dollin,3605036213,ydollingu@sciencedaily.com
Vito,Loren,6907711187,vlorengv@time.com
Savina,Nanelli,7258468042,snanelligw@feedburner.com
Gwendolin,Philpin,3726173547,gphilpingx@google.cn
Madeleine,Kearns,6362947484,mkearnsgy@elegantthemes.com
Ardine,Wooffinden,8724232723,awooffindengz@chronoengine.com
Shandee,Dugan,8325383458,sduganh0@posterous.com
Bud,Wasbey,5969956479,bwasbeyh1@privacy.gov.au
Merrill,Cristofari,5385817405,mcristofarih2@ovh.net
Davina,Mueller,2156792227,dmuellerh3@cmu.edu
Warner,Radoux,1192109847,wradouxh4@imageshack.us
Morten,Gepheart,2331294690,mgephearth5@disqus.com
Filberto,Vakhrushev,2254571999,fvakhrushevh6@t.co
Cherry,Machans,2516661620,cmachansh7@hp.com
Skipper,Dorcey,5352134270,sdorceyh8@feedburner.com
Aarika,Barme,5176281376,abarmeh9@freewebs.com
Norine,Kenryd,8524265533,nkenrydha@networksolutions.com
Carlen,Cannavan,8429123988,ccannavanhb@feedburner.com
Giff,Dunmore,3386670345,gdunmorehc@constantcontact.com
Angelika,Cottel,1693994164,acottelhd@spotify.com
Arvin,Bonafant,2045127630,abonafanthe@loc.gov
Alidia,Beazey,8175605881,abeazeyhf@vistaprint.com
Wainwright,Lewisham,7335471461,wlewishamhg@scientificamerican.com
Lilah,Gallemore,1174499142,lgallemorehh@t-online.de
Virgina,Evett,6782908986,vevetthi@independent.co.uk
Ancell,Boldt,3852147230,aboldthj@sciencedaily.com
Griffith,Wheildon,8584281397,gwheildonhk@tuttocitta.it
Timmi,Copin,3365368996,tcopinhl@desdev.cn
Consolata,Galland,8438312128,cgallandhm@reddit.com
Dorie,Torregiani,5446596094,dtorregianihn@geocities.jp
Phil,Kalinowsky,3799518542,pkalinowskyho@whitehouse.gov
Augy,Oris,8633842083,aorishp@elpais.com
Kristy,Lind,3867030051,klindhq@topsy.com
Michaela,Drewitt,1307099767,mdrewitthr@goo.ne.jp
Nannie,Tutill,9258989019,ntutillhs@geocities.com
Carolee,Mouatt,1555886145,cmouattht@usda.gov
Simona,Richichi,3374162207,srichichihu@yellowpages.com
Selma,Pudney,7154593936,spudneyhv@bbb.org
Myranda,Mathewson,4121780919,mmathewsonhw@mtv.com
Flemming,Kirgan,3125887280,fkirganhx@washingtonpost.com
Gilbertine,Snalham,9213671297,gsnalhamhy@bloglovin.com
Fremont,Hussell,9253936185,fhussellhz@shareasale.com
Had,Ulyat,6396333562,hulyati0@yellowpages.com
Charis,Marskell,8753099749,cmarskelli1@msu.edu
Tarrah,Alexandersen,6718712659,talexanderseni2@homestead.com
Frederick,Bucknall,6725126505,fbucknalli3@squarespace.com
Zarla,Goodlatt,8183749501,zgoodlatti4@lulu.com
Katrinka,Ludovici,4462289092,kludovicii5@gizmodo.com
Tripp,Hakking,1362275995,thakkingi6@aboutads.info
Babette,Loughney,7748885953,bloughneyi7@vistaprint.com
Mellicent,Tadman,3308955755,mtadmani8@patch.com
Giulietta,Chaff,8882146550,gchaffi9@i2i.jp
Willie,Brame,2089878370,wbrameia@salon.com
Cordelia,Muriel,2098832826,cmurielib@geocities.jp
Happy,Holdren,7653375898,hholdrenic@diigo.com
Kayla,Olivey,7896816979,koliveyid@t-online.de
Edgard,Vasiltsov,2834191483,evasiltsovie@msn.com
Teirtza,Jerzycowski,6002582392,tjerzycowskiif@technorati.com
Lorraine,Dietzler,3869351181,ldietzlerig@nature.com
Kelsi,Linch,7615906100,klinchih@wisc.edu
Wilbert,Forton,6898766871,wfortonii@mashable.com
Kathye,Cudby,4386177504,kcudbyij@businesswire.com
Lorette,Elliker,2836715394,lellikerik@baidu.com
Raven,Lymer,6142322692,rlymeril@yolasite.com
Doralin,Wheeldon,5055435721,dwheeldonim@army.mil
Dacy,Goadsby,1267015004,dgoadsbyin@typepad.com
Maddalena,Knewstubb,3058923976,mknewstubbio@blogtalkradio.com
Joannes,Camoletto,9883513270,jcamolettoip@upenn.edu
Maryrose,Avesque,9016633530,mavesqueiq@privacy.gov.au
Mae,Fragino,1541396517,mfraginoir@msn.com
Annetta,Grelka,3277020405,agrelkais@cnet.com
Michaelina,Streatfield,7093465810,mstreatfieldit@sphinn.com
Delphine,Spadoni,1193747741,dspadoniiu@about.me
Brunhilde,Macia,3809398460,bmaciaiv@plala.or.jp
Alidia,Meneyer,6694646620,ameneyeriw@chron.com
Vivie,Gettins,8112104658,vgettinsix@vk.com
Briney,Sharrem,5899450585,bsharremiy@comsenz.com
Julio,Cockran,7726868476,jcockraniz@linkedin.com
Madelaine,McIlwrath,6523796206,mmcilwrathj0@ucoz.ru
Arin,Uvedale,8792566076,auvedalej1@timesonline.co.uk
Andreana,Toll,4342879577,atollj2@amazon.co.uk
Andreas,Harrowsmith,9613794052,aharrowsmithj3@cpanel.net
Tamera,Corser,3637391331,tcorserj4@ucla.edu
Shirleen,Selbie,9087995711,sselbiej5@liveinternet.ru
Karil,Foort,9086487200,kfoortj6@furl.net
Verina,Baress,4342882602,vbaressj7@illinois.edu
Zonnya,Koppel,6711300820,zkoppelj8@huffingtonpost.com
Staci,Woodnutt,5181785741,swoodnuttj9@parallels.com
Tammie,O'Docherty,3913118343,todochertyja@ask.com
Emera,Squier,1743679429,esquierjb@unblog.fr
Antone,Normanville,1363594260,anormanvillejc@bbb.org
Gates,Feaviour,5139847860,gfeaviourjd@ebay.com
Farly,McMinn,8123477361,fmcminnje@mac.com
Kristal,Duigan,2578726256,kduiganjf@google.ru
Starlin,Skelbeck,7471713540,sskelbeckjg@delicious.com
Allys,Sute,6495601472,asutejh@washingtonpost.com
Zola,Center,1232577732,zcenterji@time.com
Shoshanna,Phelipeau,3836952320,sphelipeaujj@smh.com.au
Alis,Ribbon,6302875622,aribbonjk@naver.com
Pauline,Gommowe,6169310371,pgommowejl@ibm.com
Gabrielle,Scemp,5554839914,gscempjm@ted.com
Viv,Rivitt,5231074704,vrivittjn@unc.edu
Alaric,Peyzer,4282710015,apeyzerjo@howstuffworks.com
Lew,Junkinson,3073018764,ljunkinsonjp@google.fr
Ruben,Weddup,7912350449,rweddupjq@sun.com
Parnell,Raulin,1951153574,praulinjr@histats.com
Temple,Bazoche,3413139474,tbazochejs@netscape.com
Annis,Pulman,5615290919,apulmanjt@jalbum.net
Tatum,Mattschas,3198116137,tmattschasju@tuttocitta.it
Gilly,Helder,2211009687,ghelderjv@cloudflare.com
Hubie,Kiddye,1471148313,hkiddyejw@imageshack.us
Sybille,Rootes,8506026547,srootesjx@sun.com
Tabby,Gentil,2734749833,tgentiljy@sciencedaily.com
Freedman,Leckenby,2952330159,fleckenbyjz@xrea.com
Leta,Jenicke,6759350094,ljenickek0@wikia.com
Brantley,O'Gleasane,6796671953,bogleasanek1@dropbox.com
Nolan,Nacey,8414063332,nnaceyk2@sfgate.com
Patin,Weagener,9362168618,pweagenerk3@mozilla.org
Gualterio,Pell,8283601257,gpellk4@hhs.gov
Egon,Caccavari,8412664930,ecaccavarik5@wikispaces.com
Collin,Larwood,5549451134,clarwoodk6@webs.com
Brittni,Budden,6681463728,bbuddenk7@cbslocal.com
Alfy,Venmore,6178692322,avenmorek8@mail.ru
Wendy,Matveyev,1896861770,wmatveyevk9@sitemeter.com
Florentia,Wildey,5318369338,fwildeyka@salon.com
Karly,Arunowicz,2426817839,karunowiczkb@thetimes.co.uk
Fiann,Eldin,6651027429,feldinkc@umich.edu
Francisca,Ebbitt,5738746316,febbittkd@etsy.com
Frederich,Matusiak,6853999904,fmatusiakke@exblog.jp
Ansell,Marcham,3899456680,amarchamkf@taobao.com
Milt,Linsey,9817447928,mlinseykg@umn.edu
Haleigh,Rudderham,2415395652,hrudderhamkh@google.com.au
Janek,Morrow,2851147526,jmorrowki@naver.com
Nari,Mathiasen,6923504250,nmathiasenkj@answers.com
Krisha,Colls,2078414770,kcollskk@ucsd.edu
Annabella,Du Hamel,5504462974,aduhamelkl@uiuc.edu
Barris,McKitterick,2381296738,bmckitterickkm@noaa.gov
Cherin,Isacke,4665042992,cisackekn@cbslocal.com
Karissa,Pursehouse,6227122357,kpursehouseko@joomla.org
Dew,Lamminam,8459051548,dlamminamkp@ihg.com
Major,Palek,7834403755,mpalekkq@shinystat.com
Norry,Full,6194268472,nfullkr@sina.com.cn
Al,Bener,8147266533,abenerks@scientificamerican.com
Portie,Jude,3848575915,pjudekt@cbc.ca
Shell,Lagneaux,1742538298,slagneauxku@slideshare.net
Dilan,Cunio,9943881570,dcuniokv@rediff.com
Harp,Fearn,7171052372,hfearnkw@comsenz.com
Codi,Basden,8434909427,cbasdenkx@soundcloud.com
Allyson,Rebanks,3603447585,arebanksky@blinklist.com
Wyatt,Lowthorpe,1879607735,wlowthorpekz@cam.ac.uk
Merrick,Joanaud,2103244927,mjoanaudl0@fc2.com
Agnola,Sammon,2426152565,asammonl1@addtoany.com
Nealy,Hearst,1354042760,nhearstl2@reddit.com
Rudolph,Droghan,8069604354,rdroghanl3@t.co
Colver,Klimentov,7453006914,cklimentovl4@technorati.com
Denver,Pulley,7096301555,dpulleyl5@seattletimes.com
Karalynn,Fishley,9893432061,kfishleyl6@amazon.de
Ulberto,McGroarty,5843165908,umcgroartyl7@theguardian.com
Kamilah,Skipperbottom,1059427792,kskipperbottoml8@wordpress.org
Nalani,Edmead,3144003575,nedmeadl9@typepad.com
Isadora,Need,1911876628,ineedla@stumbleupon.com
Steffen,Davydenko,3453291611,sdavydenkolb@cyberchimps.com
Natala,Clemmett,2254828602,nclemmettlc@qq.com
Caralie,Rosendale,9536186198,crosendaleld@businessweek.com
Xerxes,Lorait,6785595380,xloraitle@scribd.com
Penny,Roeby,3994620313,proebylf@moonfruit.com
Sherlock,Brownsea,8495271529,sbrownsealg@purevolume.com
Dolf,Carah,5414860453,dcarahlh@quantcast.com
Kass,McLenahan,9091253705,kmclenahanli@flavors.me
Scarlet,Pendre,5598182632,spendrelj@smugmug.com
Katleen,McParlin,7336065733,kmcparlinlk@nationalgeographic.com
Gabe,Chettoe,1328229304,gchettoell@narod.ru
Constantia,Brosoli,1047585189,cbrosolilm@google.co.jp
Hugibert,Martinello,5069647068,hmartinelloln@npr.org
Markos,Rallinshaw,2637826204,mrallinshawlo@github.io
Haley,Loudian,5816784663,hloudianlp@moonfruit.com
Aubrette,Gian,9878196859,agianlq@deviantart.com
Sigmund,Souness,8466739958,ssounesslr@thetimes.co.uk
Loralyn,Dunican,7293039263,ldunicanls@miibeian.gov.cn
Nike,Southern,8064384800,nsouthernlt@bizjournals.com
Jamal,Tigner,1814559558,jtignerlu@newyorker.com
Hulda,Cruess,1843595141,hcruesslv@marriott.com
Magdalene,Grizard,3684014565,mgrizardlw@macromedia.com
Erskine,Southouse,2165621460,esouthouselx@people.com.cn
Lizbeth,Penwell,1246103774,lpenwellly@merriam-webster.com
Lenore,Follitt,2503510073,lfollittlz@ameblo.jp
Manda,Marchment,6208629688,mmarchmentm0@angelfire.com
Xever,Dennerly,1351938949,xdennerlym1@cbslocal.com
Jacob,Brixey,5185083964,jbrixeym2@prnewswire.com
Sashenka,Isaaksohn,2409145428,sisaaksohnm3@unesco.org
Farica,Revelle,4507047800,frevellem4@over-blog.com
De,Carmichael,9018731312,dcarmichaelm5@bigcartel.com
Giovanni,Cottom,6641905670,gcottomm6@ebay.co.uk
Orsola,Mapledoram,4884399893,omapledoramm7@tiny.cc
Fredra,Bolderstone,1808054129,fbolderstonem8@mediafire.com
Jimmy,Crinion,2661844696,jcrinionm9@blogger.com
Weber,Yakobovitz,2014994727,wyakobovitzma@dot.gov
Jephthah,Bouette,3539619398,jbouettemb@bloomberg.com
Elmer,Juggings,6091322933,ejuggingsmc@businesswire.com
Rollin,Tilzey,3589674581,rtilzeymd@time.com
Adara,Ferrillo,6341609961,aferrillome@rambler.ru
Andras,Kahan,4532004911,akahanmf@nifty.com
Park,Danbury,7447024852,pdanburymg@digg.com
Kristoffer,McGilben,3704548159,kmcgilbenmh@infoseek.co.jp
Manda,Railton,1154715206,mrailtonmi@wiley.com
Raddie,Jiroutka,2555938680,rjiroutkamj@goodreads.com
Randi,Lindell,1088197935,rlindellmk@lulu.com
Harwilll,Ianelli,3275725713,hianelliml@over-blog.com
Happy,Barnham,9675843361,hbarnhammm@discuz.net
Ann-marie,Syder,6767924055,asydermn@naver.com
Benjamen,Nuemann,5033280052,bnuemannmo@desdev.cn
Melanie,Petters,2917198614,mpettersmp@earthlink.net
Ethelyn,Pollard,1233750212,epollardmq@theguardian.com
Donelle,Dahlgren,2028766952,ddahlgrenmr@washingtonpost.com
Yehudit,Mannering,4316536970,ymanneringms@wikipedia.org
Carly,Bruckenthal,2695280779,cbruckenthalmt@china.com.cn
Reilly,MacGown,2702254866,rmacgownmu@wikispaces.com
Fifine,Wellings,1754160525,fwellingsmv@blinklist.com
Wit,Jerrolt,3264213152,wjerroltmw@edublogs.org
Sandye,Josephi,5551773972,sjosephimx@people.com.cn
Dewitt,Armin,3435385323,darminmy@state.tx.us
Peta,Eden,5415066573,pedenmz@wordpress.com
Gorden,Ors,8565907282,gorsn0@phpbb.com
Frieda,Kirkup,8759484405,fkirkupn1@arstechnica.com
Bernete,Gedney,7758631001,bgedneyn2@marketwatch.com
Riley,Cremin,5341352265,rcreminn3@dmoz.org
Krystle,Griffoen,5835275510,kgriffoenn4@cpanel.net
Veronika,Kinnon,5829930445,vkinnonn5@microsoft.com
Ignatius,Albery,5523432532,ialberyn6@linkedin.com
Eadmund,Shalloo,8215110479,eshalloon7@loc.gov
Kippar,Petch,3205691701,kpetchn8@cam.ac.uk
Luelle,Bandey,3347675638,lbandeyn9@weibo.com
Coop,Newborn,6726200090,cnewbornna@wikia.com
Brannon,Swindall,4685713291,bswindallnb@i2i.jp
Vania,MacGoun,6068760148,vmacgounnc@chron.com
Brittaney,Shervington,7311355089,bshervingtonnd@sogou.com
Sabina,Stears,4367883341,sstearsne@over-blog.com
Mil,Bullus,2874357933,mbullusnf@baidu.com
Carmella,Leathers,3144522083,cleathersng@cdc.gov
Chloris,McMillan,5254779117,cmcmillannh@nationalgeographic.com
Herrick,Olenichev,3681784992,holenichevni@altervista.org
Janet,Dronsfield,9525894387,jdronsfieldnj@forbes.com
Vin,Moggie,5375419170,vmoggienk@infoseek.co.jp
Cordelia,Crusham,6502702236,ccrushamnl@nydailynews.com
Simonne,Billam,7174536180,sbillamnm@photobucket.com
Lena,Josef,1249075513,ljosefnn@google.com.au
Anica,Richly,2796965883,arichlyno@github.com
Deidre,Marl,1404721613,dmarlnp@cdbaby.com
Davita,Morrid,8721556291,dmorridnq@example.com
Halette,Maseres,2186654259,hmaseresnr@nifty.com
Woodrow,Gelland,5206273616,wgellandns@addtoany.com
Arline,Wesgate,9672052255,awesgatent@weather.com
Salim,Dallmann,4645761253,sdallmannnu@comcast.net
Brear,Ollive,8328528723,bollivenv@jimdo.com
Enrico,Olander,1415175158,eolandernw@goo.ne.jp
Fifi,Heinel,6673015897,fheinelnx@rakuten.co.jp
Vinnie,Peakman,1716956742,vpeakmanny@jalbum.net
Brucie,Thynn,4913327142,bthynnnz@sina.com.cn
Iggy,Byass,2449301945,ibyasso0@microsoft.com
Hamil,Hyett,9302096477,hhyetto1@php.net
Dalli,Norquay,8873933037,dnorquayo2@ucsd.edu
Kalila,Vampouille,3144819733,kvampouilleo3@jugem.jp
Jewel,Lichtfoth,7365864699,jlichtfotho4@theatlantic.com
Sherie,Brewitt,9268249615,sbrewitto5@cbc.ca
Cally,Chmarny,2849218575,cchmarnyo6@census.gov
Fidelity,Teggin,7592583174,fteggino7@cnbc.com
Loutitia,Ivie,9472347048,livieo8@goodreads.com
Idalia,Crosscombe,9486742388,icrosscombeo9@wsj.com
Sapphire,Isenor,3275130986,sisenoroa@reuters.com
Nial,Floyde,4249037203,nfloydeob@typepad.com
Regine,Fehner,8347840770,rfehneroc@unesco.org
Denise,Restill,1089724621,drestillod@cnbc.com
Dorian,Turtle,6154614354,dturtleoe@rediff.com
Eunice,Antoniazzi,5157082165,eantoniazziof@i2i.jp
Hildy,Edgerton,5003931649,hedgertonog@epa.gov
Jon,Ingliby,6911575807,jinglibyoh@ameblo.jp
Silvain,Dawtry,2376362416,sdawtryoi@mapquest.com
Carmon,Shitliffe,3434659176,cshitliffeoj@utexas.edu
Jared,O'Hanley,5899209384,johanleyok@blinklist.com
Cecilia,Spriddle,8101966694,cspriddleol@plala.or.jp
Harwell,Foottit,2392756235,hfoottitom@tmall.com
Lalo,Myrie,5498439785,lmyrieon@imgur.com
Olenolin,Gummow,1247913750,ogummowoo@unc.edu
Clim,Davidovici,5888289147,cdavidoviciop@ezinearticles.com
Aleksandr,Dashwood,3067614123,adashwoodoq@51.la
Abdul,Ordidge,7772728927,aordidgeor@mail.ru
Gunar,Pardal,6903793213,gpardalos@example.com
Benito,Bulleyn,5251621946,bbulleynot@dell.com
Alfreda,Gammidge,8869750049,agammidgeou@w3.org
Etta,Regglar,2904709231,eregglarov@furl.net
Hamlen,Timmes,9417812687,htimmesow@cdbaby.com
Mitchel,Asgodby,9547309181,masgodbyox@gizmodo.com
Querida,Gunthorp,8325763913,qgunthorpoy@state.gov
Cathee,Rankmore,5474102636,crankmoreoz@wordpress.org
Pennie,O'Nowlan,3031750960,ponowlanp0@google.de
Robinia,Tweddell,8013615864,rtweddellp1@mayoclinic.com
Caralie,Whitland,9417891112,cwhitlandp2@csmonitor.com
Mimi,Beneyto,3584630295,mbeneytop3@istockphoto.com
Vivyanne,Nutting,1514178445,vnuttingp4@ebay.co.uk
Kelley,Hardiman,7824617323,khardimanp5@noaa.gov
Kizzee,Rigmand,2294580447,krigmandp6@vinaora.com
Nariko,Catanheira,9458215030,ncatanheirap7@behance.net
Benetta,Crebott,9727217953,bcrebottp8@yellowpages.com
Ursala,Crickett,2943720299,ucrickettp9@tinypic.com
Helen-elizabeth,Mowlam,2391914916,hmowlampa@dedecms.com
Odelia,Hryniewicki,8125473711,ohryniewickipb@sitemeter.com
Nananne,Issacson,2071966503,nissacsonpc@smugmug.com
Winny,MacFayden,5549530263,wmacfaydenpd@4shared.com
Jedediah,Mabson,7733409358,jmabsonpe@bloomberg.com
Matthieu,Garbutt,1994050301,mgarbuttpf@chronoengine.com
Lock,Scullard,5129066942,lscullardpg@google.com.hk
Ddene,Sherwell,1314368655,dsherwellph@blogtalkradio.com
Ainsley,Eynon,6722458971,aeynonpi@examiner.com
Maure,Siverns,1223050553,msivernspj@cmu.edu
Roderich,McNerlin,9835633327,rmcnerlinpk@auda.org.au
Tomaso,Worsley,5022834783,tworsleypl@cyberchimps.com
Thurstan,Senn,9591180429,tsennpm@omniture.com
Vikky,Blown,9705269939,vblownpn@typepad.com
Ashlan,Chastel,5167635265,achastelpo@indiegogo.com
Mela,Cogin,5713080028,mcoginpp@ask.com
Liam,Commuzzo,8347347228,lcommuzzopq@sourceforge.net
Antonio,Trimble,7955356847,atrimblepr@redcross.org
Marjy,Timewell,6097731491,mtimewellps@digg.com
Dasha,O' Quirk,9178607050,doquirkpt@rambler.ru
Theadora,Pashan,5386165398,tpashanpu@mashable.com
Rinaldo,Brindle,2939639058,rbrindlepv@gov.uk
Gwenneth,Townrow,5654377179,gtownrowpw@cmu.edu
Jerad,Pahlsson,9586042966,jpahlssonpx@artisteer.com
Karleen,Gerckens,8928769893,kgerckenspy@nature.com
Andrus,Moden,8431606438,amodenpz@hc360.com
Albert,Maffei,7964647115,amaffeiq0@hp.com
Sawyer,Pidgeley,9722370415,spidgeleyq1@ocn.ne.jp
Andris,Mitchel,5809234665,amitchelq2@washingtonpost.com
Gennie,Varfolomeev,1298639604,gvarfolomeevq3@cdc.gov
Gillan,Garrett,4946475540,ggarrettq4@scribd.com
Latia,Espinheira,4484622658,lespinheiraq5@cloudflare.com
Nikki,Hamilton,7167422973,nhamiltonq6@woothemes.com
Ripley,Martlew,6577876884,rmartlewq7@nydailynews.com
Cal,Ledgeway,2714597054,cledgewayq8@elegantthemes.com
Raquela,Thurlborn,8201272826,rthurlbornq9@slashdot.org
Tanney,Frantzeni,9507499501,tfrantzeniqa@plala.or.jp
Niccolo,Shotter,3853950815,nshotterqb@weebly.com
Kaiser,Venton,8528791817,kventonqc@hexun.com
Rodney,Culpin,1649407120,rculpinqd@fastcompany.com
Talya,Amery,5581760518,tameryqe@a8.net
Yolane,Rennenbach,8847287759,yrennenbachqf@dmoz.org
Gerri,Rushbrook,7255303349,grushbrookqg@auda.org.au
Ianthe,Christauffour,6999999842,ichristauffourqh@deviantart.com
Kass,McGilben,1606159738,kmcgilbenqi@hibu.com
Shannon,Harvett,6268200386,sharvettqj@github.com
Liuka,Wrate,5917303209,lwrateqk@unblog.fr
Katie,Rowly,8453408187,krowlyql@wufoo.com
Sauveur,Cloughton,2122601195,scloughtonqm@bloomberg.com
Sally,Collicott,3687762141,scollicottqn@hibu.com
Raynard,Tayt,3458368854,rtaytqo@cnet.com
Valentine,Graham,1532034578,vgrahamqp@shop-pro.jp
Raviv,Machen,6482284905,rmachenqq@kickstarter.com
Ashla,Lardner,7763144114,alardnerqr@howstuffworks.com
Eugine,Vase,3808522427,evaseqs@goodreads.com
Burtie,Dulen,3553596033,bdulenqt@alexa.com
Sigismond,Witherow,6212182560,switherowqu@behance.net
Charmian,Cavendish,1486111334,ccavendishqv@smugmug.com
Donovan,Cordall,2203545108,dcordallqw@weebly.com
Willa,Billington,2369347755,wbillingtonqx@abc.net.au
Pippo,Paintain,4279305507,ppaintainqy@thetimes.co.uk
Dave,Kaley,4719698800,dkaleyqz@constantcontact.com
Northrup,Andrew,5145930179,nandrewr0@sbwire.com
Kippar,Mazzilli,7727812840,kmazzillir1@globo.com
Arlen,Hugh,1677073799,ahughr2@cisco.com
Charlton,Cuel,1496228732,ccuelr3@jimdo.com
Brooks,Caruth,2729961388,bcaruthr4@ycombinator.com
Gianina,Swin,9241971647,gswinr5@mozilla.org
Oliver,Neale,5849050285,onealer6@globo.com
Sammy,Hammett,8869779731,shammettr7@g.co
Glynnis,Bilyard,8457868497,gbilyardr8@java.com
Elbertine,Farnon,5637671853,efarnonr9@squidoo.com
Filippo,Stammler,6116126771,fstammlerra@sourceforge.net
Dulsea,Yantsurev,3304033862,dyantsurevrb@sbwire.com
Michel,Proudlock,2509357780,mproudlockrc@com.com
Vyky,Laurent,7185909797,vlaurentrd@jalbum.net
Lacy,Patmore,6267430478,lpatmorere@discuz.net
Trueman,Eckh,5576093191,teckhrf@behance.net
Mano,Le Leu,4679928070,mleleurg@dailymail.co.uk
Madalyn,Casarili,9813076715,mcasarilirh@delicious.com
Allsun,Lockier,5492783817,alockierri@qq.com
Goran,Semerad,8041055985,gsemeradrj@hc360.com
Leda,Crellin,6434349470,lcrellinrk@symantec.com
Rosaline,Llorens,2668691157,rllorensrl@ezinearticles.com
Tony,Hawkey,5147073356,thawkeyrm@digg.com
Carmela,Dimblebee,9588580634,cdimblebeern@about.me
Betteann,Franceschi,2294139543,bfranceschiro@about.me
Silvain,Stovin,2179303585,sstovinrp@hubpages.com
Starlin,Stinson,1463990147,sstinsonrq@berkeley.edu
Beilul,Beaty,6789532882,bbeatyrr@wikipedia.org
